Education_label,No,Yes
Bachelor,6882.919661733616,4770.242424242424
Below College,5926.1294964028775,4360.1612903225805
College,6586.058823529412,4282.545454545455
Doctor,8559.906976744185,5850.2
Master,7087.814705882353,5335.1551724137935
